{"model_selection_step": 0, "_timestamp": 1724231527.3534584, "_runtime": 34.32460045814514, "_step": 0}