{"model_selection_step": 6, "_timestamp": 1724231635.9226456, "_runtime": 87.5221905708313, "_step": 6}