{"model_selection_step": 59, "_timestamp": 1724220410.1302683, "_runtime": 192.91717433929443, "_step": 110, "psi": -0.008052263081066088, "max_eval": -0.0024186899164322546, "selection_iteration": 50}