{"model_selection_step": 59, "_timestamp": 1724223316.6762471, "_runtime": 1607.7581551074982, "_step": 114, "psi": -0.008052263081066088, "max_eval": -0.0024186899164322546, "selection_iteration": 50, "round": 60, "MSE": 0.34894563374491716, "Train-Loss": 0.10472544999596728, "Test-Loss": 0.08349844573167425, "Objective": -0.13028033592021415}