{"model_selection_step": 59, "_timestamp": 1724221382.4303288, "_runtime": 194.00674486160278, "_step": 110, "psi": -0.008052263081066088, "max_eval": -0.0024186899164322546, "selection_iteration": 50}