{"model_selection_step": 1, "_timestamp": 1724221144.2901933, "_runtime": 14.67380142211914, "_step": 1}