{"model_selection_step": 59, "_timestamp": 1724393623.9409685, "_runtime": 191.90922260284424, "_step": 111, "psi": -0.008052263081066088, "max_eval": -0.0024186899164322546, "selection_iteration": 50, "round": 0, "MSE": 0.431417953567942, "Train-Loss": 0.05131069275145077, "Test-Loss": 0.04490164995917129, "Objective": -0.4305090310536887}