{"model_selection_step": 1999, "_timestamp": 1722495733.9402, "_runtime": 1907.3230321407318, "_step": 2074, "psi": -0.0003629513481566819, "max_eval": -0.0002747635686199607, "selection_iteration": 73, "round": 0, "MSE": 0.07160597277328962, "Train-Loss": 0.09364251042814303, "Test-Loss": 0.058172235311455295, "Objective": -0.01347327940101801}