{"model_selection_step": 1999, "_timestamp": 1722740982.0591738, "_runtime": 1162.0412197113037, "_step": 2073, "psi": -0.0003629513481566819, "max_eval": -0.0002747635686199607, "selection_iteration": 73}