{"model_selection_step": 48, "_timestamp": 1724323229.1411295, "_runtime": 157.62098145484924, "_step": 48}