{"model_selection_step": 1999, "_timestamp": 1722418083.246059, "_runtime": 2559.6075010299683, "_step": 2091, "psi": -0.0003629513481566819, "max_eval": -0.0002747635686199607, "selection_iteration": 73, "round": 340, "MSE": 0.004556643589316163, "Train-Loss": 0.006258242115512005, "Test-Loss": -0.0015736453412690573, "Objective": -0.0005696739485035518, "_wandb": {"runtime": 2597}}