{"model_selection_step": 59, "_timestamp": 1724217567.4720333, "_runtime": 4312.653532266617, "_step": 128, "psi": -0.008052263081066088, "max_eval": -0.0024186899164322546, "selection_iteration": 50, "round": 340, "MSE": 0.3445644694721917, "Train-Loss": 0.0025110496313416547, "Test-Loss": 0.0019477421819600758, "Objective": -0.004879356331813405}