{"model_selection_step": 35, "_timestamp": 1722493792.884127, "_runtime": 143.40302181243896, "_step": 35}