{"model_selection_step": 46, "_timestamp": 1723784424.1915379, "_runtime": 475.50436782836914, "_step": 46}