{"model_selection_step": 1999, "_timestamp": 1723195404.0865147, "_runtime": 1048.576239824295, "_step": 2073, "psi": -0.0003629513481566819, "max_eval": -0.0002747635686199607, "selection_iteration": 73}