{"model_selection_step": 59, "_timestamp": 1724238770.9480593, "_runtime": 7108.634843349457, "_step": 128, "psi": -0.008052263081066088, "max_eval": -0.0024186899164322546, "selection_iteration": 50, "round": 340, "MSE": 0.5333206961573903, "Train-Loss": 0.003887988454647332, "Test-Loss": -0.006097498384306946, "Objective": -0.0035616875068691517}