{"model_selection_step": 59, "_timestamp": 1723525386.1292279, "_runtime": 161.1144139766693, "_step": 119, "psi": -0.01779024247349926, "max_eval": -0.008393307421936325, "selection_iteration": 59}