{"model_selection_step": 11, "_timestamp": 1722319045.2554238, "_runtime": 22.69017267227173, "_step": 11}