{"model_selection_step": 59, "_timestamp": 1723524694.025992, "_runtime": 292.74905586242676, "_step": 119, "psi": -0.01779024247349926, "max_eval": -0.008393307421936325, "selection_iteration": 59}