{"model_selection_step": 1999, "_timestamp": 1722186088.0129726, "_runtime": 2176.2340936660767, "_step": 2091, "psi": -0.0003629513481566819, "max_eval": -0.0002747635686199607, "selection_iteration": 73, "round": 340, "MSE": 0.007263038148445906, "Train-Loss": 0.003692020704046559, "Test-Loss": -0.0009420602145055649, "Objective": -0.00039579429598054735}