{"model_selection_step": 1999, "_timestamp": 1723201650.9654455, "_runtime": 1051.7385005950928, "_step": 2073, "psi": -0.0003629513481566819, "max_eval": -0.0002747635686199607, "selection_iteration": 73}