{"model_selection_step": 1999, "_timestamp": 1723197361.9956248, "_runtime": 1046.9627017974854, "_step": 2073, "psi": -0.0003629513481566819, "max_eval": -0.0002747635686199607, "selection_iteration": 73}