{"model_selection_step": 59, "_timestamp": 1724212534.3790405, "_runtime": 153.17516350746155, "_step": 110, "psi": -0.008052263081066088, "max_eval": -0.0024186899164322546, "selection_iteration": 50}