{"model_selection_step": 40, "_timestamp": 1722320905.65802, "_runtime": 398.3937439918518, "_step": 40}