{"model_selection_step": 1999, "_timestamp": 1722743679.529523, "_runtime": 1122.0747079849243, "_step": 2073, "psi": -0.0003629513481566819, "max_eval": -0.0002747635686199607, "selection_iteration": 73, "_wandb": {"runtime": 3863}}