{"model_selection_step": 1999, "_timestamp": 1723029463.8797524, "_runtime": 2489.0748624801636, "_step": 2091, "psi": -0.0003629513481566819, "max_eval": -0.0002747635686199607, "selection_iteration": 73, "round": 340, "MSE": 0.008453282480157991, "Train-Loss": 0.008377492188207285, "Test-Loss": 0.001319560041716596, "Objective": -0.0008263082679365336, "_wandb": {"runtime": 2526}}