{"model_selection_step": 576, "_timestamp": 1722282963.1399243, "_runtime": 548.4710032939911, "_step": 576}