{"model_selection_step": 1999, "_timestamp": 1722859958.6539392, "_runtime": 2667.4305832386017, "_step": 2087, "psi": -0.0003629513481566819, "max_eval": -0.0002747635686199607, "selection_iteration": 73, "round": 260, "MSE": 0.004495580634262751, "Train-Loss": 0.005906609978769476, "Test-Loss": -0.0005784900830528778, "Objective": -0.00044143741936846024}