{"model_selection_step": 59, "_timestamp": 1723459271.9610157, "_runtime": 263.5749156475067, "_step": 119, "psi": -0.01779024247349926, "max_eval": -0.008393307421936325, "selection_iteration": 59, "_wandb": {"runtime": 476}}