{"model_selection_step": 1999, "_timestamp": 1722390013.3999193, "_runtime": 2326.281367301941, "_step": 2087, "psi": -0.0003629513481566819, "max_eval": -0.0002747635686199607, "selection_iteration": 73, "round": 260, "MSE": 0.010575027885574234, "Train-Loss": 0.007570851033998776, "Test-Loss": -0.003045846138467786, "Objective": -0.002353633743487893}