{"model_selection_step": 1999, "_timestamp": 1722338037.5817728, "_runtime": 3767.898596763611, "_step": 2091, "psi": -0.0003629513481566819, "max_eval": -0.0002747635686199607, "selection_iteration": 73, "round": 340, "MSE": 0.02130008177126568, "Train-Loss": 0.003031138011740833, "Test-Loss": -0.004018151576405815, "Objective": -0.0018419683824321194, "_wandb": {"runtime": 3827}}