{"model_selection_step": 1999, "_timestamp": 1722849858.4371772, "_runtime": 1213.184808254242, "_step": 2073, "psi": -0.0003629513481566819, "max_eval": -0.0002747635686199607, "selection_iteration": 73}