{"model_selection_step": 59, "_timestamp": 1724231397.8449287, "_runtime": 192.143004655838, "_step": 110, "psi": -0.008052263081066088, "max_eval": -0.0024186899164322546, "selection_iteration": 50, "_wandb": {"runtime": 192}}