{"model_selection_step": 1999, "_timestamp": 1722217862.9896448, "_runtime": 1472.510496854782, "_step": 2075, "psi": -0.0003629513481566819, "max_eval": -0.0002747635686199607, "selection_iteration": 73, "round": 20, "MSE": 0.020984655906375865, "Train-Loss": 0.0057534674094523635, "Test-Loss": 0.0007935581144764336, "Objective": -0.011339011655951841}