{"model_selection_step": 59, "_timestamp": 1724303854.716157, "_runtime": 177.69415187835693, "_step": 110, "psi": -0.008052263081066088, "max_eval": -0.0024186899164322546, "selection_iteration": 50}