{"model_selection_step": 0, "_timestamp": 1723748772.6908138, "_runtime": 256.63701367378235, "_step": 0}