{"model_selection_step": 59, "_timestamp": 1724220872.9616327, "_runtime": 191.95596575737, "_step": 110, "psi": -0.008052263081066088, "max_eval": -0.0024186899164322546, "selection_iteration": 50}