{"model_selection_step": 1999, "_timestamp": 1722407500.5836096, "_runtime": 2603.601005554199, "_step": 2091, "psi": -0.0003629513481566819, "max_eval": -0.0002747635686199607, "selection_iteration": 73, "round": 340, "MSE": 0.010263327665014529, "Train-Loss": 0.009648467586180959, "Test-Loss": -0.006656338056558542, "Objective": -0.0016477314214219645, "_wandb": {"runtime": 2639}}