{"model_selection_step": 59, "_timestamp": 1724241066.2740045, "_runtime": 1732.2126123905182, "_step": 115, "psi": -0.008052263081066088, "max_eval": -0.0024186899164322546, "selection_iteration": 50, "round": 80, "MSE": 0.32392069318853095, "Train-Loss": 0.01211139999705484, "Test-Loss": 0.004237286149216098, "Objective": -0.10448285645858957}