{"model_selection_step": 59, "_timestamp": 1724407121.5079014, "_runtime": 1879.8698303699493, "_step": 115, "psi": -0.008052263081066088, "max_eval": -0.0024186899164322546, "selection_iteration": 50, "round": 80, "MSE": 0.32392069318853095, "Train-Loss": 0.01211139999705484, "Test-Loss": 0.004237286149216098, "Objective": -0.0025537333612695957}