{"model_selection_step": 44, "_timestamp": 1724332918.4676929, "_runtime": 116.72452878952026, "_step": 44}