{"model_selection_step": 1999, "_timestamp": 1722334094.221396, "_runtime": 1373.636591911316, "_step": 2073, "psi": -0.0003629513481566819, "max_eval": -0.0002747635686199607, "selection_iteration": 73}