{"model_selection_step": 1999, "_timestamp": 1721992428.0495052, "_runtime": 1695.0724012851715, "_step": 2080, "psi": -0.0003629513481566819, "max_eval": -0.0002747635686199607, "selection_iteration": 73, "round": 120, "MSE": 0.006007190242032489, "Train-Loss": 0.005616410624947692, "Test-Loss": -0.0012099521562829291, "Objective": -0.0006888510841488327}