{"model_selection_step": 59, "_timestamp": 1723529812.6297705, "_runtime": 4135.547046422958, "_step": 137, "psi": -0.01779024247349926, "max_eval": -0.008393307421936325, "selection_iteration": 59, "round": 340, "MSE": 0.8794100397141876, "Train-Loss": -0.002014306144319615, "Test-Loss": -0.0035568242182891173, "Objective": -0.025998591359361257}