{"model_selection_step": 59, "_timestamp": 1724210941.723465, "_runtime": 220.59546208381653, "_step": 110, "psi": -0.008052263081066088, "max_eval": -0.0024186899164322546, "selection_iteration": 50}