{"model_selection_step": 6, "_timestamp": 1722493623.6617568, "_runtime": 80.89542984962463, "_step": 6}