{"model_selection_step": 59, "_timestamp": 1724154549.3995805, "_runtime": 152.96898341178894, "_step": 110, "psi": -0.008052263081066088, "max_eval": -0.0024186899164322546, "selection_iteration": 50}