{"model_selection_step": 59, "_timestamp": 1724239238.874302, "_runtime": 193.19934391975403, "_step": 110, "psi": -0.008052263081066088, "max_eval": -0.0024186899164322546, "selection_iteration": 50}