{"model_selection_step": 25, "_timestamp": 1722324950.3137467, "_runtime": 527.8715686798096, "_step": 25}