{"model_selection_step": 1999, "_timestamp": 1723363909.3057017, "_runtime": 2611.152330636978, "_step": 2091, "psi": -0.0003629513481566819, "max_eval": -0.0002747635686199607, "selection_iteration": 73, "round": 340, "MSE": 0.004834252334251377, "Train-Loss": 0.006449452305065954, "Test-Loss": 0.0007866550610394951, "Objective": -0.0010934362662836144, "_wandb": {"runtime": 2649}}